<?xml version="1.0" encoding="UTF-8"?>
<!DOCTYPE cXML SYSTEM "http://svclq2.ariba.com/schemas/cXML/1.2.029/cXML.dtd">
<cXML payloadID="IG2554.PO.101" timestamp="2015-07-20T17:48:37-07:00" version="1.2.026"
	xml:lang="en-US">
	<Header>
		<From>
			<Credential domain="NetworkID">
				<Identity>AN02003013875-T</Identity>
			</Credential>
		</From>
		<To>
			<Credential domain="NetworkID">
				<Identity>AN02003013876-T</Identity>
			</Credential>
		</To>
		<Sender>
			<Credential domain="NetworkID">
				<Identity>AN02003013875-T</Identity>
				<SharedSecret>ariba123</SharedSecret>
			</Credential>
			<UserAgent>Ariba SN Buyer Adapter</UserAgent>
		</Sender>
	</Header>
	<Request deploymentMode="production">
		<OrderRequest>
			<OrderRequestHeader orderDate="2013-10-27T00:00:00" orderID="IG2554.PO.101"
				orderType="regular" type="new">
				<Total>
					<Money currency="USD">59540000.00</Money>
				</Total>
				<BillTo>
					<Address addressID="3000" isoCountryCode="US">
						<Name xml:lang="EN">IDES US INC</Name>
						<PostalAddress>
							<Street>1230 Lincoln Avenue</Street>
							<City>New York</City>
							<Municipality>CHITOOR</Municipality>
							<State>NY</State>
							<PostalCode>10019</PostalCode>
							<Country isoCountryCode="US"/>
						</PostalAddress>
						<Phone>
							<TelephoneNumber>
								<CountryCode isoCountryCode="US"/>
								<AreaOrCityCode/>
								<Number>212-345-0983</Number>
							</TelephoneNumber>
						</Phone>
						<Fax>
							<TelephoneNumber>
								<CountryCode isoCountryCode="US"/>
								<AreaOrCityCode/>
								<Number>212-345-5693</Number>
							</TelephoneNumber>
						</Fax>
					</Address>
				</BillTo>
				<Contact addressID="0000001005" role="supplierCorporate">
					<Name xml:lang="EN">Ms. Jones</Name>
					<PostalAddress>
						<Street>Haupstrasse 122</Street>
						<City>Manheim</City>
						<Municipality/>
						<State>CA</State>
						<PostalCode>68301</PostalCode>
						<Country isoCountryCode="US"/>
					</PostalAddress>
					<Email>adavis@ariba.com</Email>
					<Phone>
						<TelephoneNumber>
							<CountryCode isoCountryCode="US"/>
							<AreaOrCityCode/>
							<Number>0689455501</Number>
						</TelephoneNumber>
					</Phone>
					<Fax>
						<TelephoneNumber>
							<CountryCode isoCountryCode="US"/>
							<AreaOrCityCode/>
							<Number>1234567891</Number>
						</TelephoneNumber>
					</Fax>
				</Contact>
				<Extrinsic name="CompanyCode">3000</Extrinsic>
				<Extrinsic name="IncoTerms">FOB</Extrinsic>
				<Extrinsic name="Ariba.invoicingAllowed">Yes</Extrinsic>
				<Extrinsic name="Ariba.availableAmount">59540000</Extrinsic>
				<Extrinsic name="partyAdditionalID">0000001005</Extrinsic>
			</OrderRequestHeader>
			<ItemOut itemType="item" lineNumber="00001" quantity="10000.000"
				requestedDeliveryDate="2013-12-01T00:00:00+05:30">
				<ItemID>
					<SupplierPartID>Non Catalog Item1</SupplierPartID>
					<BuyerPartID/>
				</ItemID>
				<ItemDetail>
					<UnitPrice>
						<Money currency="USD">20</Money>
					</UnitPrice>
					<Description xml:lang="EN">ERP-7372</Description>
					<UnitOfMeasure>EA</UnitOfMeasure>
					<PriceBasisQuantity conversionFactor="1" quantity="1">
						<UnitOfMeasure>EA</UnitOfMeasure>
					</PriceBasisQuantity>
					<Classification domain="NotAvailable">007</Classification>
					<Extrinsic name="AccountCategory">K</Extrinsic>
					<Extrinsic name="ReceivingType"/>
				</ItemDetail>
				<ShipTo>
					<Address addressID="3000" isoCountryCode="US">
						<Name xml:lang="EN">STORloca</Name>
						<PostalAddress>
							<Street/>
							<City/>
							<Country isoCountryCode="US"/>
						</PostalAddress>
					</Address>
				</ShipTo>
				<Distribution>
					<Accounting name="DistributionCharge">
						<AccountingSegment id="0000400000">
							<Name xml:lang="en">GeneralLedger</Name>
							<Description xml:lang="en"/>
						</AccountingSegment>
						<AccountingSegment id="0000001200">
							<Name xml:lang="en">CostCenter</Name>
							<Description xml:lang="en"/>
						</AccountingSegment>
						<AccountingSegment id="500.00">
							<Name xml:lang="en">Quantity</Name>
							<Description xml:lang="en"/>
						</AccountingSegment>
					</Accounting>
					<Charge>
						<Money currency="USD">50000.00</Money>
					</Charge>
				</Distribution>
				<Distribution>
					<Accounting name="DistributionCharge">
						<AccountingSegment id="0000445000">
							<Name xml:lang="en">GeneralLedger</Name>
							<Description xml:lang="en"/>
						</AccountingSegment>
						<AccountingSegment id="0000002100">
							<Name xml:lang="en">CostCenter</Name>
							<Description xml:lang="en"/>
						</AccountingSegment>
						<AccountingSegment id="600.00">
							<Name xml:lang="en">Quantity</Name>
							<Description xml:lang="en"/>
						</AccountingSegment>
					</Accounting>
					<Charge>
						<Money currency="USD">60000.00</Money>
					</Charge>
				</Distribution>
				<Distribution>
					<Accounting name="DistributionCharge">
						<AccountingSegment id="0000404000">
							<Name xml:lang="en">GeneralLedger</Name>
							<Description xml:lang="en"/>
						</AccountingSegment>
						<AccountingSegment id="0000001200">
							<Name xml:lang="en">CostCenter</Name>
							<Description xml:lang="en"/>
						</AccountingSegment>
						<AccountingSegment id="1000.00">
							<Name xml:lang="en">Quantity</Name>
							<Description xml:lang="en"/>
						</AccountingSegment>
					</Accounting>
					<Charge>
						<Money currency="USD">100000.00</Money>
					</Charge>
				</Distribution>
				<Distribution>
					<Accounting name="DistributionCharge">
						<AccountingSegment id="0000445000">
							<Name xml:lang="en">GeneralLedger</Name>
							<Description xml:lang="en"/>
						</AccountingSegment>
						<AccountingSegment id="0000004120">
							<Name xml:lang="en">CostCenter</Name>
							<Description xml:lang="en"/>
						</AccountingSegment>
						<AccountingSegment id="1000.00">
							<Name xml:lang="en">Quantity</Name>
							<Description xml:lang="en"/>
						</AccountingSegment>
					</Accounting>
					<Charge>
						<Money currency="USD">100000.00</Money>
					</Charge>
				</Distribution>
				<Distribution>
					<Accounting name="DistributionCharge">
						<AccountingSegment id="0000404000">
							<Name xml:lang="en">GeneralLedger</Name>
							<Description xml:lang="en"/>
						</AccountingSegment>
						<AccountingSegment id="0000001200">
							<Name xml:lang="en">CostCenter</Name>
							<Description xml:lang="en"/>
						</AccountingSegment>
						<AccountingSegment id="2000.00">
							<Name xml:lang="en">Quantity</Name>
							<Description xml:lang="en"/>
						</AccountingSegment>
					</Accounting>
					<Charge>
						<Money currency="USD">200000.00</Money>
					</Charge>
				</Distribution>
				<Distribution>
					<Accounting name="DistributionCharge">
						<AccountingSegment id="0000400000">
							<Name xml:lang="en">GeneralLedger</Name>
							<Description xml:lang="en"/>
						</AccountingSegment>
						<AccountingSegment id="0000002100">
							<Name xml:lang="en">CostCenter</Name>
							<Description xml:lang="en"/>
						</AccountingSegment>
						<AccountingSegment id="4900.00">
							<Name xml:lang="en">Quantity</Name>
							<Description xml:lang="en"/>
						</AccountingSegment>
					</Accounting>
					<Charge>
						<Money currency="USD">490000.00</Money>
					</Charge>
				</Distribution>
				<ScheduleLine quantity="10000.000" requestedDeliveryDate="2013-12-01T00:00:00+05:30">
					<UnitOfMeasure>LT</UnitOfMeasure>
				</ScheduleLine>
			</ItemOut>
			<ItemOut itemType="item" lineNumber="00002" quantity="2000000.000"
				requestedDeliveryDate="2014-02-28T00:00:00+05:30">
				<ItemID>
					<SupplierPartID>Non Catalog Item2</SupplierPartID>
					<BuyerPartID/>
				</ItemID>
				<ItemDetail>
					<UnitPrice>
						<Money currency="USD">25.25</Money>
					</UnitPrice>
					<Description xml:lang="EN">ERP-7372</Description>
					<UnitOfMeasure>EA</UnitOfMeasure>
					<PriceBasisQuantity conversionFactor="1" quantity="1">
						<UnitOfMeasure>EA</UnitOfMeasure>
					</PriceBasisQuantity>
					<Classification domain="NotAvailable">00801</Classification>
					<Extrinsic name="AccountCategory">K</Extrinsic>
					<Extrinsic name="ReceivingType"/>
				</ItemDetail>
				<ShipTo>
					<Address addressID="3600" isoCountryCode="US">
						<Name xml:lang="EN">Wichita</Name>
						<PostalAddress>
							<Street>100 Ohi Street</Street>
							<City>WICHITA</City>
							<State>KS</State>
							<PostalCode>67214</PostalCode>
							<Country isoCountryCode="US"/>
						</PostalAddress>
						<Phone>
							<TelephoneNumber>
								<CountryCode isoCountryCode="US"/>
								<AreaOrCityCode/>
								<Number>316-522-4983</Number>
							</TelephoneNumber>
						</Phone>
						<Fax>
							<TelephoneNumber>
								<CountryCode isoCountryCode="US"/>
								<AreaOrCityCode/>
								<Number>316-524-2732</Number>
							</TelephoneNumber>
						</Fax>
					</Address>
				</ShipTo>
				<Distribution>
					<Accounting name="DistributionCharge">
						<AccountingSegment id="0000445000">
							<Name xml:lang="en">GeneralLedger</Name>
							<Description xml:lang="en"/>
						</AccountingSegment>
						<AccountingSegment id="0000004120">
							<Name xml:lang="en">CostCenter</Name>
							<Description xml:lang="en"/>
						</AccountingSegment>
						<AccountingSegment id="100.00">
							<Name xml:lang="en">Percentage</Name>
							<Description xml:lang="en"/>
						</AccountingSegment>
					</Accounting>
					<Charge>
						<Money currency="USD">50500000.00</Money>
					</Charge>
				</Distribution>
				<ScheduleLine quantity="2000000.000"
					requestedDeliveryDate="2014-02-28T00:00:00+05:30">
					<UnitOfMeasure>EA</UnitOfMeasure>
				</ScheduleLine>
			</ItemOut>
			<ItemOut itemType="item" lineNumber="00003" quantity="50000.000"
				requestedDeliveryDate="2014-02-28T00:00:00+05:30">
				<ItemID>
					<SupplierPartID>Non Catalog Item3</SupplierPartID>
					<BuyerPartID/>
				</ItemID>
				<ItemDetail>
					<UnitPrice>
						<Money currency="USD">25</Money>
					</UnitPrice>
					<Description xml:lang="EN">ERP-7372</Description>
					<UnitOfMeasure>EA</UnitOfMeasure>
					<PriceBasisQuantity conversionFactor="1" quantity="1">
						<UnitOfMeasure>EA</UnitOfMeasure>
					</PriceBasisQuantity>
					<Classification domain="NotAvailable">00801</Classification>
					<Extrinsic name="AccountCategory">K</Extrinsic>
					<Extrinsic name="ReceivingType">4</Extrinsic>
				</ItemDetail>
				<ShipTo>
					<Address addressID="3000" isoCountryCode="US">
						<Name xml:lang="EN">STORloca</Name>
						<PostalAddress>
							<Street/>
							<City/>
							<Country isoCountryCode="US"/>
						</PostalAddress>
					</Address>
				</ShipTo>
				<Distribution>
					<Accounting name="DistributionCharge">
						<AccountingSegment id="0000404000">
							<Name xml:lang="en">GeneralLedger</Name>
							<Description xml:lang="en"/>
						</AccountingSegment>
						<AccountingSegment id="0000004120">
							<Name xml:lang="en">CostCenter</Name>
							<Description xml:lang="en"/>
						</AccountingSegment>
						<AccountingSegment id="10.50">
							<Name xml:lang="en">Percentage</Name>
							<Description xml:lang="en"/>
						</AccountingSegment>
					</Accounting>
					<Charge>
						<Money currency="USD">787500.00</Money>
					</Charge>
				</Distribution>
				<Distribution>
					<Accounting name="DistributionCharge">
						<AccountingSegment id="0000445000">
							<Name xml:lang="en">GeneralLedger</Name>
							<Description xml:lang="en"/>
						</AccountingSegment>
						<AccountingSegment id="0000002100">
							<Name xml:lang="en">CostCenter</Name>
							<Description xml:lang="en"/>
						</AccountingSegment>
						<AccountingSegment id="20.50">
							<Name xml:lang="en">Percentage</Name>
							<Description xml:lang="en"/>
						</AccountingSegment>
					</Accounting>
					<Charge>
						<Money currency="USD">1537500.00</Money>
					</Charge>
				</Distribution>
				<Distribution>
					<Accounting name="DistributionCharge">
						<AccountingSegment id="0000400000">
							<Name xml:lang="en">GeneralLedger</Name>
							<Description xml:lang="en"/>
						</AccountingSegment>
						<AccountingSegment id="0000001200">
							<Name xml:lang="en">CostCenter</Name>
							<Description xml:lang="en"/>
						</AccountingSegment>
						<AccountingSegment id="15.00">
							<Name xml:lang="en">Percentage</Name>
							<Description xml:lang="en"/>
						</AccountingSegment>
					</Accounting>
					<Charge>
						<Money currency="USD">1125000.00</Money>
					</Charge>
				</Distribution>
				<Distribution>
					<Accounting name="DistributionCharge">
						<AccountingSegment id="0000404000">
							<Name xml:lang="en">GeneralLedger</Name>
							<Description xml:lang="en"/>
						</AccountingSegment>
						<AccountingSegment id="0000004120">
							<Name xml:lang="en">CostCenter</Name>
							<Description xml:lang="en"/>
						</AccountingSegment>
						<AccountingSegment id="10.00">
							<Name xml:lang="en">Percentage</Name>
							<Description xml:lang="en"/>
						</AccountingSegment>
					</Accounting>
					<Charge>
						<Money currency="USD">750000.00</Money>
					</Charge>
				</Distribution>
				<Distribution>
					<Accounting name="DistributionCharge">
						<AccountingSegment id="0000445000">
							<Name xml:lang="en">GeneralLedger</Name>
							<Description xml:lang="en"/>
						</AccountingSegment>
						<AccountingSegment id="0000001200">
							<Name xml:lang="en">CostCenter</Name>
							<Description xml:lang="en"/>
						</AccountingSegment>
						<AccountingSegment id="24.00">
							<Name xml:lang="en">Percentage</Name>
							<Description xml:lang="en"/>
						</AccountingSegment>
					</Accounting>
					<Charge>
						<Money currency="USD">1800000.00</Money>
					</Charge>
				</Distribution>
				<Distribution>
					<Accounting name="DistributionCharge">
						<AccountingSegment id="0000400000">
							<Name xml:lang="en">GeneralLedger</Name>
							<Description xml:lang="en"/>
						</AccountingSegment>
						<AccountingSegment id="0000002100">
							<Name xml:lang="en">CostCenter</Name>
							<Description xml:lang="en"/>
						</AccountingSegment>
						<AccountingSegment id="20.00">
							<Name xml:lang="en">Percentage</Name>
							<Description xml:lang="en"/>
						</AccountingSegment>
					</Accounting>
					<Charge>
						<Money currency="USD">1500000.00</Money>
					</Charge>
				</Distribution>
				<ScheduleLine quantity="50000.000" requestedDeliveryDate="2014-02-28T00:00:00+05:30">
					<UnitOfMeasure>EA</UnitOfMeasure>
				</ScheduleLine>
			</ItemOut>
			<ItemOut itemType="item" lineNumber="00004" quantity="45000.000"
				requestedDeliveryDate="2013-01-28T00:00:00+05:30">
				<ItemID>
					<SupplierPartID>Non Catalog Item4</SupplierPartID>
					<BuyerPartID/>
				</ItemID>
				<ItemDetail>
					<UnitPrice>
						<Money currency="USD">12</Money>
					</UnitPrice>
					<Description xml:lang="EN">ERP-7372</Description>
					<UnitOfMeasure>EA</UnitOfMeasure>
					<PriceBasisQuantity conversionFactor="1" quantity="1">
						<UnitOfMeasure>EA</UnitOfMeasure>
					</PriceBasisQuantity>
					<Classification domain="NotAvailable">007</Classification>
					<Extrinsic name="AccountCategory">K</Extrinsic>
					<Extrinsic name="ReceivingType">4</Extrinsic>
				</ItemDetail>
				<ShipTo>
					<Address addressID="3600" isoCountryCode="US">
						<Name xml:lang="EN">Wichita</Name>
						<PostalAddress>
							<Street>100 Ohi Street</Street>
							<City>WICHITA</City>
							<State>KS</State>
							<PostalCode>67214</PostalCode>
							<Country isoCountryCode="US"/>
						</PostalAddress>
						<Phone>
							<TelephoneNumber>
								<CountryCode isoCountryCode="US"/>
								<AreaOrCityCode/>
								<Number>316-522-4983</Number>
							</TelephoneNumber>
						</Phone>
						<Fax>
							<TelephoneNumber>
								<CountryCode isoCountryCode="US"/>
								<AreaOrCityCode/>
								<Number>316-524-2732</Number>
							</TelephoneNumber>
						</Fax>
						<URL>testurlvalue</URL>
					</Address>
					<TransportInformation>
						<Route method="motor"/>
						<ShippingContractNumber>34567</ShippingContractNumber>
						<ShippingInstructions>
							<Description xml:lang="en-US">Asperthecontract</Description>
						</ShippingInstructions>
					</TransportInformation>
				</ShipTo>
				<Distribution>
					<Accounting name="DistributionCharge">
						<AccountingSegment id="0000404000">
							<Name xml:lang="en">GeneralLedger</Name>
							<Description xml:lang="en"/>
						</AccountingSegment>
						<AccountingSegment id="0000002100">
							<Name xml:lang="en">CostCenter</Name>
							<Description xml:lang="en"/>
						</AccountingSegment>
						<AccountingSegment id="100.00">
							<Name xml:lang="en">Percentage</Name>
							<Description xml:lang="en"/>
						</AccountingSegment>
					</Accounting>
					<Charge>
						<Money currency="USD">540000.00</Money>
					</Charge>
				</Distribution>
				<ScheduleLine quantity="45000.000" requestedDeliveryDate="2013-01-28T00:00:00+05:30">
					<UnitOfMeasure>EA</UnitOfMeasure>
				</ScheduleLine>
			</ItemOut>
		</OrderRequest>
	</Request>
</cXML>
